Dex No.,Name,Generation,Primary Type,Secondary Type,Health,Attack,Defense,Sp. Attack,Sp. Defense,Speed,BST
#001,Bulbasaur,Generation I,Grass, Poison,45,49,49,65,65,45,318
#002,Ivysaur,Generation I,Grass, Poison,60,62,63,80,80,60,405
#003,Venusaur,Generation I,Grass, Poison,80,82,83,100,100,80,525
#004,Charmander,Generation I,Fire, Unknown,39,52,43,60,50,65,309
#005,Charmeleon,Generation I,Fire, Unknown,58,64,58,80,65,80,405
#006,Charizard,Generation I,Fire, Flying,78,84,78,109,85,100,534
#007,Squirtle,Generation I,Water, Unknown,44,48,65,50,64,43,314
#008,Wartortle,Generation I,Water, Unknown,59,63,80,65,80,58,405
#009,Blastoise,Generation I,Water, Unknown,79,83,100,85,105,78,530
#010,Caterpie,Generation I,Bug, Unknown,45,30,35,20,20,45,195
#011,Metapod,Generation I,Bug, Unknown,50,20,55,25,25,30,205
#012,Butterfree,Generation I,Bug, Flying,60,45,50,80,80,70,385
#013,Weedle,Generation I,Bug, Poison,40,35,30,20,20,50,195
#014,Kakuna,Generation I,Bug, Poison,45,25,50,25,25,35,205
#015,Beedrill,Generation I,Bug, Poison,65,80,40,45,80,75,385
#016,Pidgey,Generation I,Normal, Flying,40,45,40,35,35,56,251
#017,Pidgeotto,Generation I,Normal, Flying,63,60,55,50,50,71,349
#018,Pidgeot,Generation I,Normal, Flying,83,80,75,70,70,91,469
#019,Rattata,Generation I,Normal, Unknown,30,56,35,25,35,72,253
#020,Raticate,Generation I,Normal, Unknown,55,81,60,50,70,97,413
#021,Spearow,Generation I,Normal, Flying,40,60,30,31,31,70,262
#022,Fearow,Generation I,Normal, Flying,65,90,65,61,61,100,442
#023,Ekans,Generation I,Poison, Unknown,35,60,44,40,54,55,288
#024,Arbok,Generation I,Poison, Unknown,60,85,69,65,79,80,438
#025,Pikachu,Generation I,Electric, Unknown,35,55,30,50,40,90,300
#026,Raichu,Generation I,Electric, Unknown,60,90,55,90,80,100,475
#027,Sandshrew,Generation I,Ground, Unknown,50,75,85,20,30,40,300
#028,Sandslash,Generation I,Ground, Unknown,75,100,110,45,55,65,450
#029,Nidoran♀,Generation I,Poison, Unknown,55,47,52,40,40,41,275
#030,Nidorina,Generation I,Poison, Unknown,70,62,67,55,55,56,365
#031,Nidoqueen,Generation I,Poison, Ground,90,82,87,75,85,76,495
#032,Nidoran♂,Generation I,Poison, Unknown,46,57,40,40,40,50,273
#033,Nidorino,Generation I,Poison, Unknown,61,72,57,55,55,65,365
#034,Nidoking,Generation I,Poison, Ground,81,92,77,85,75,85,495
#035,Clefairy,Generation I,Fairy, Unknown,70,45,48,60,65,35,323
#036,Clefable,Generation I,Fairy, Unknown,95,70,73,85,90,60,473
#037,Vulpix,Generation I,Fire, Unknown,38,41,40,50,65,65,299
#038,Ninetales,Generation I,Fire, Unknown,73,76,75,81,100,100,505
#039,Jigglypuff,Generation I,Normal, Fairy,115,45,20,45,25,20,270
#040,Wigglytuff,Generation I,Normal, Fairy,140,70,45,75,50,45,425
#041,Zubat,Generation I,Poison, Flying,40,45,35,30,40,55,245
#042,Golbat,Generation I,Poison, Flying,75,80,70,65,75,90,455
#043,Oddish,Generation I,Grass, Poison,45,50,55,75,65,30,320
#044,Gloom,Generation I,Grass, Poison,60,65,70,85,75,40,395
#045,Vileplume,Generation I,Grass, Poison,75,80,85,100,90,50,480
#046,Paras,Generation I,Bug, Grass,35,70,55,45,55,25,285
#047,Parasect,Generation I,Bug, Grass,60,95,80,60,80,30,405
#048,Venonat,Generation I,Bug, Poison,60,55,50,40,55,45,305
#049,Venomoth,Generation I,Bug, Poison,70,65,60,90,75,90,450
#050,Diglett,Generation I,Ground, Unknown,10,55,25,35,45,95,265
#051,Dugtrio,Generation I,Ground, Unknown,35,80,50,50,70,120,405
#052,Meowth,Generation I,Normal, Unknown,40,45,35,40,40,90,290
#053,Persian,Generation I,Normal, Unknown,65,70,60,65,65,115,440
#054,Psyduck,Generation I,Water, Unknown,50,52,48,65,50,55,320
#055,Golduck,Generation I,Water, Unknown,80,82,78,95,80,85,500
#056,Mankey,Generation I,Fighting, Unknown,40,80,35,35,45,70,305
#057,Primeape,Generation I,Fighting, Unknown,65,105,60,60,70,95,455
#058,Growlithe,Generation I,Fire, Unknown,55,70,45,70,50,60,350
#059,Arcanine,Generation I,Fire, Unknown,90,110,80,100,80,95,555
#060,Poliwag,Generation I,Water, Unknown,40,50,40,40,40,90,300
#061,Poliwhirl,Generation I,Water, Unknown,65,65,65,50,50,90,385
#062,Poliwrath,Generation I,Water, Fighting,90,85,95,70,90,70,500
#063,Abra,Generation I,Psychic, Unknown,25,20,15,105,55,90,310
#064,Kadabra,Generation I,Psychic, Unknown,40,35,30,120,70,105,400
#065,Alakazam,Generation I,Psychic, Unknown,55,50,45,135,85,120,490
#066,Machop,Generation I,Fighting, Unknown,70,80,50,35,35,35,305
#067,Machoke,Generation I,Fighting, Unknown,80,100,70,50,60,45,405
#068,Machamp,Generation I,Fighting, Unknown,90,130,80,65,85,55,505
#069,Bellsprout,Generation I,Grass, Poison,50,75,35,70,30,40,300
#070,Weepinbell,Generation I,Grass, Poison,65,90,50,85,45,55,390
#071,Victreebel,Generation I,Grass, Poison,80,105,65,100,60,70,480
#072,Tentacool,Generation I,Water, Poison,40,40,35,50,100,70,335
#073,Tentacruel,Generation I,Water, Poison,80,70,65,80,120,100,515
#074,Geodude,Generation I,Rock, Ground,40,80,100,30,30,20,300
#075,Graveler,Generation I,Rock, Ground,55,95,115,45,45,35,390
#076,Golem,Generation I,Rock, Ground,80,110,130,55,65,45,485
#077,Ponyta,Generation I,Fire, Unknown,50,85,55,65,65,90,410
#078,Rapidash,Generation I,Fire, Unknown,65,100,70,80,80,105,500
#079,Slowpoke,Generation I,Water, Psychic,90,65,65,40,40,15,315
#080,Slowbro,Generation I,Water, Psychic,95,75,110,100,80,30,490
#081,Magnemite,Generation I,Electric, Steel,25,35,70,95,55,45,325
#082,Magneton,Generation I,Electric, Steel,50,60,95,120,70,70,465
#083,Farfetch'd,Generation I,Normal, Flying,52,65,55,58,62,60,352
#084,Doduo,Generation I,Normal, Flying,35,85,45,35,35,75,310
#085,Dodrio,Generation I,Normal, Flying,60,110,70,60,60,100,460
#086,Seel,Generation I,Water, Unknown,65,45,55,45,70,45,325
#087,Dewgong,Generation I,Water, Ice,90,70,80,70,95,70,475
#088,Grimer,Generation I,Poison, Unknown,80,80,50,40,50,25,325
#089,Muk,Generation I,Poison, Unknown,105,105,75,65,100,50,500
#090,Shellder,Generation I,Water, Unknown,30,65,100,45,25,40,305
#091,Cloyster,Generation I,Water, Ice,50,95,180,85,45,70,525
#092,Gastly,Generation I,Ghost, Poison,30,35,30,100,35,80,310
#093,Haunter,Generation I,Ghost, Poison,45,50,45,115,55,95,405
#094,Gengar,Generation I,Ghost, Poison,60,65,60,130,75,110,500
#095,Onix,Generation I,Rock, Ground,35,45,160,30,45,70,385
#096,Drowzee,Generation I,Psychic, Unknown,60,48,45,43,90,42,328
#097,Hypno,Generation I,Psychic, Unknown,85,73,70,73,115,67,483
#098,Krabby,Generation I,Water, Unknown,30,105,90,25,25,50,325
#099,Kingler,Generation I,Water, Unknown,55,130,115,50,50,75,475
#100,Voltorb,Generation I,Electric, Unknown,40,30,50,55,55,100,330
#101,Electrode,Generation I,Electric, Unknown,60,50,70,80,80,140,480
#102,Exeggcute,Generation I,Grass, Psychic,60,40,80,60,45,40,325
#103,Exeggutor,Generation I,Grass, Psychic,95,95,85,125,65,55,520
#104,Cubone,Generation I,Ground, Unknown,50,50,95,40,50,35,320
#105,Marowak,Generation I,Ground, Unknown,60,80,110,50,80,45,425
#106,Hitmonlee,Generation I,Fighting, Unknown,50,120,53,35,110,87,455
#107,Hitmonchan,Generation I,Fighting, Unknown,50,105,79,35,110,76,455
#108,Lickitung,Generation I,Normal, Unknown,90,55,75,60,75,30,385
#109,Koffing,Generation I,Poison, Unknown,40,65,95,60,45,35,340
#110,Weezing,Generation I,Poison, Unknown,65,90,120,85,70,60,490
#111,Rhyhorn,Generation I,Ground, Rock,80,85,95,30,30,25,345
#112,Rhydon,Generation I,Ground, Rock,105,130,120,45,45,40,485
#113,Chansey,Generation I,Normal, Unknown,250,5,5,35,105,50,450
#114,Tangela,Generation I,Grass, Unknown,65,55,115,100,40,60,435
#115,Kangaskhan,Generation I,Normal, Unknown,105,95,80,40,80,90,490
#116,Horsea,Generation I,Water, Unknown,30,40,70,70,25,60,295
#117,Seadra,Generation I,Water, Unknown,55,65,95,95,45,85,440
#118,Goldeen,Generation I,Water, Unknown,45,67,60,35,50,63,320
#119,Seaking,Generation I,Water, Unknown,80,92,65,65,80,68,450
#120,Staryu,Generation I,Water, Unknown,30,45,55,70,55,85,340
#121,Starmie,Generation I,Water, Psychic,60,75,85,100,85,115,520
#122,Mr. Mime,Generation I,Psychic, Fairy,40,45,65,100,120,90,460
#123,Scyther,Generation I,Bug, Flying,70,110,80,55,80,105,500
#124,Jynx,Generation I,Ice, Psychic,65,50,35,115,95,95,455
#125,Electabuzz,Generation I,Electric, Unknown,65,83,57,95,85,105,490
#126,Magmar,Generation I,Fire, Unknown,65,95,57,100,85,93,495
#127,Pinsir,Generation I,Bug, Unknown,65,125,100,55,70,85,500
#128,Tauros,Generation I,Normal, Unknown,75,100,95,40,70,110,490
#129,Magikarp,Generation I,Water, Unknown,20,10,55,15,20,80,200
#130,Gyarados,Generation I,Water, Flying,95,125,79,60,100,81,540
#131,Lapras,Generation I,Water, Ice,130,85,80,85,95,60,535
#132,Ditto,Generation I,Normal, Unknown,48,48,48,48,48,48,288
#133,Eevee,Generation I,Normal, Unknown,55,55,50,45,65,55,325
#134,Vaporeon,Generation I,Water, Unknown,130,65,60,110,95,65,525
#135,Jolteon,Generation I,Electric, Unknown,65,65,60,110,95,130,525
#136,Flareon,Generation I,Fire, Unknown,65,130,60,95,110,65,525
#137,Porygon,Generation I,Normal, Unknown,65,60,70,85,75,40,395
#138,Omanyte,Generation I,Rock, Water,35,40,100,90,55,35,355
#139,Omastar,Generation I,Rock, Water,70,60,125,115,70,55,495
#140,Kabuto,Generation I,Rock, Water,30,80,90,55,45,55,355
#141,Kabutops,Generation I,Rock, Water,60,115,105,65,70,80,495
#142,Aerodactyl,Generation I,Rock, Flying,80,105,65,60,75,130,515
#143,Snorlax,Generation I,Normal, Unknown,160,110,65,65,110,30,540
#144,Articuno,Generation I,Ice, Flying,90,85,100,95,125,85,580
#145,Zapdos,Generation I,Electric, Flying,90,90,85,125,90,100,580
#146,Moltres,Generation I,Fire, Flying,90,100,90,125,85,90,580
#147,Dratini,Generation I,Dragon, Unknown,41,64,45,50,50,50,300
#148,Dragonair,Generation I,Dragon, Unknown,61,84,65,70,70,70,420
#149,Dragonite,Generation I,Dragon, Flying,91,134,95,100,100,80,600
#150,Mewtwo,Generation I,Psychic, Unknown,106,110,90,154,90,130,680
#151,Mew,Generation I,Psychic, Unknown,100,100,100,100,100,100,600
#152,Chikorita,Generation II,Grass, Unknown,45,49,65,49,65,45,318
#153,Bayleef,Generation II,Grass, Unknown,60,62,80,63,80,60,405
#154,Meganium,Generation II,Grass, Unknown,80,82,100,83,100,80,525
#155,Cyndaquil,Generation II,Fire, Unknown,39,52,43,60,50,65,309
#156,Quilava,Generation II,Fire, Unknown,58,64,58,80,65,80,405
#157,Typhlosion,Generation II,Fire, Unknown,78,84,78,109,85,100,534
#158,Totodile,Generation II,Water, Unknown,50,65,64,44,48,43,314
#159,Croconaw,Generation II,Water, Unknown,65,80,80,59,63,58,405
#160,Feraligatr,Generation II,Water, Unknown,85,105,100,79,83,78,530
#161,Sentret,Generation II,Normal, Unknown,35,46,34,35,45,20,215
#162,Furret,Generation II,Normal, Unknown,85,76,64,45,55,90,415
#163,Hoothoot,Generation II,Normal, Flying,60,30,30,36,56,50,262
#164,Noctowl,Generation II,Normal, Flying,100,50,50,76,96,70,442
#165,Ledyba,Generation II,Bug, Flying,40,20,30,40,80,55,265
#166,Ledian,Generation II,Bug, Flying,55,35,50,55,110,85,390
#167,Spinarak,Generation II,Bug, Poison,40,60,40,40,40,30,250
#168,Ariados,Generation II,Bug, Poison,70,90,70,60,60,40,390
#169,Crobat,Generation II,Poison, Flying,85,90,80,70,80,130,535
#170,Chinchou,Generation II,Water, Electric,75,38,38,56,56,67,330
#171,Lanturn,Generation II,Water, Electric,125,58,58,76,76,67,460
#172,Pichu,Generation II,Electric, Unknown,20,40,15,35,35,60,205
#173,Cleffa,Generation II,Fairy, Unknown,50,25,28,45,55,15,218
#174,Igglybuff,Generation II,Normal, Fairy,90,30,15,40,20,15,210
#175,Togepi,Generation II,Fairy, Unknown,35,20,65,40,65,20,245
#176,Togetic,Generation II,Fairy, Flying,55,40,85,80,105,40,405
#177,Natu,Generation II,Psychic, Flying,40,50,45,70,45,70,320
#178,Xatu,Generation II,Psychic, Flying,65,75,70,95,70,95,470
#179,Mareep,Generation II,Electric, Unknown,55,40,40,65,45,35,280
#180,Flaaffy,Generation II,Electric, Unknown,70,55,55,80,60,45,365
#181,Ampharos,Generation II,Electric, Unknown,90,75,75,115,90,55,500
#182,Bellossom,Generation II,Grass, Unknown,75,80,85,90,100,50,480
#183,Marill,Generation II,Water, Fairy,70,20,50,20,50,40,250
#184,Azumarill,Generation II,Water, Fairy,100,50,80,50,80,50,410
#185,Sudowoodo,Generation II,Rock, Unknown,70,100,115,30,65,30,410
#186,Politoed,Generation II,Water, Unknown,90,75,75,90,100,70,500
#187,Hoppip,Generation II,Grass, Flying,35,35,40,35,55,50,250
#188,Skiploom,Generation II,Grass, Flying,55,45,50,45,65,80,340
#189,Jumpluff,Generation II,Grass, Flying,75,55,70,55,85,110,450
#190,Aipom,Generation II,Normal, Unknown,55,70,55,40,55,85,360
#191,Sunkern,Generation II,Grass, Unknown,30,30,30,30,30,30,180
#192,Sunflora,Generation II,Grass, Unknown,75,75,55,105,85,30,425
#193,Yanma,Generation II,Bug, Flying,65,65,45,75,45,95,390
#194,Wooper,Generation II,Water, Ground,55,45,45,25,25,15,210
#195,Quagsire,Generation II,Water, Ground,95,85,85,65,65,35,430
#196,Espeon,Generation II,Psychic, Unknown,65,65,60,130,95,110,525
#197,Umbreon,Generation II,Dark, Unknown,95,65,110,60,130,65,525
#198,Murkrow,Generation II,Dark, Flying,60,85,42,85,42,91,405
#199,Slowking,Generation II,Water, Psychic,95,75,80,100,110,30,490
#200,Misdreavus,Generation II,Ghost, Unknown,60,60,60,85,85,85,435
#201,Unown,Generation II,Psychic, Unknown,48,72,48,72,48,48,336
#202,Wobbuffet,Generation II,Psychic, Unknown,190,33,58,33,58,33,405
#203,Girafarig,Generation II,Normal, Psychic,70,80,65,90,65,85,455
#204,Pineco,Generation II,Bug, Unknown,50,65,90,35,35,15,290
#205,Forretress,Generation II,Bug, Steel,75,90,140,60,60,40,465
#206,Dunsparce,Generation II,Normal, Unknown,100,70,70,65,65,45,415
#207,Gligar,Generation II,Ground, Flying,65,75,105,35,65,85,430
#208,Steelix,Generation II,Steel, Ground,75,85,200,55,65,30,510
#209,Snubbull,Generation II,Fairy, Unknown,60,80,50,40,40,30,300
#210,Granbull,Generation II,Fairy, Unknown,90,120,75,60,60,45,450
#211,Qwilfish,Generation II,Water, Poison,65,95,75,55,55,85,430
#212,Scizor,Generation II,Bug, Steel,70,130,100,55,80,65,500
#213,Shuckle,Generation II,Bug, Rock,20,10,230,10,230,5,505
#214,Heracross,Generation II,Bug, Fighting,80,125,75,40,95,85,500
#215,Sneasel,Generation II,Dark, Ice,55,95,55,35,75,115,430
#216,Teddiursa,Generation II,Normal, Unknown,60,80,50,50,50,40,330
#217,Ursaring,Generation II,Normal, Unknown,90,130,75,75,75,55,500
#218,Slugma,Generation II,Fire, Unknown,40,40,40,70,40,20,250
#219,Magcargo,Generation II,Fire, Rock,50,50,120,80,80,30,410
#220,Swinub,Generation II,Ice, Ground,50,50,40,30,30,50,250
#221,Piloswine,Generation II,Ice, Ground,100,100,80,60,60,50,450
#222,Corsola,Generation II,Water, Rock,55,55,85,65,85,35,380
#223,Remoraid,Generation II,Water, Unknown,35,65,35,65,35,65,300
#224,Octillery,Generation II,Water, Unknown,75,105,75,105,75,45,480
#225,Delibird,Generation II,Ice, Flying,45,55,45,65,45,75,330
#226,Mantine,Generation II,Water, Flying,65,40,70,80,140,70,465
#227,Skarmory,Generation II,Steel, Flying,65,80,140,40,70,70,465
#228,Houndour,Generation II,Dark, Fire,45,60,30,80,50,65,330
#229,Houndoom,Generation II,Dark, Fire,75,90,50,110,80,95,500
#230,Kingdra,Generation II,Water, Dragon,75,95,95,95,95,85,540
#231,Phanpy,Generation II,Ground, Unknown,90,60,60,40,40,40,330
#232,Donphan,Generation II,Ground, Unknown,90,120,120,60,60,50,500
#233,Porygon2,Generation II,Normal, Unknown,85,80,90,105,95,60,515
#234,Stantler,Generation II,Normal, Unknown,73,95,62,85,65,85,465
#235,Smeargle,Generation II,Normal, Unknown,55,20,35,20,45,75,250
#236,Tyrogue,Generation II,Fighting, Unknown,35,35,35,35,35,35,210
#237,Hitmontop,Generation II,Fighting, Unknown,50,95,95,35,110,70,455
#238,Smoochum,Generation II,Ice, Psychic,45,30,15,85,65,65,305
#239,Elekid,Generation II,Electric, Unknown,45,63,37,65,55,95,360
#240,Magby,Generation II,Fire, Unknown,45,75,37,70,55,83,365
#241,Miltank,Generation II,Normal, Unknown,95,80,105,40,70,100,490
#242,Blissey,Generation II,Normal, Unknown,255,10,10,75,135,55,540
#243,Raikou,Generation II,Electric, Unknown,90,85,75,115,100,115,580
#244,Entei,Generation II,Fire, Unknown,115,115,85,90,75,100,580
#245,Suicune,Generation II,Water, Unknown,100,75,115,90,115,85,580
#246,Larvitar,Generation II,Rock, Ground,50,64,50,45,50,41,300
#247,Pupitar,Generation II,Rock, Ground,70,84,70,65,70,51,410
#248,Tyranitar,Generation II,Rock, Dark,100,134,110,95,100,61,600
#249,Lugia,Generation II,Psychic, Flying,106,90,130,90,154,110,680
#250,Ho-Oh,Generation II,Fire, Flying,106,130,90,110,154,90,680
#251,Celebi,Generation II,Psychic, Grass,100,100,100,100,100,100,600
#252,Treecko,Generation III,Grass, Unknown,40,45,35,65,55,70,310
#253,Grovyle,Generation III,Grass, Unknown,50,65,45,85,65,95,405
#254,Sceptile,Generation III,Grass, Unknown,70,85,65,105,85,120,530
#255,Torchic,Generation III,Fire, Unknown,45,60,40,70,50,45,310
#256,Combusken,Generation III,Fire, Fighting,60,85,60,85,60,55,405
#257,Blaziken,Generation III,Fire, Fighting,80,120,70,110,70,80,530
#258,Mudkip,Generation III,Water, Unknown,50,70,50,50,50,40,310
#259,Marshtomp,Generation III,Water, Ground,70,85,70,60,70,50,405
#260,Swampert,Generation III,Water, Ground,100,110,90,85,90,60,535
#261,Poochyena,Generation III,Dark, Unknown,35,55,35,30,30,35,220
#262,Mightyena,Generation III,Dark, Unknown,70,90,70,60,60,70,420
#263,Zigzagoon,Generation III,Normal, Unknown,38,30,41,30,41,60,240
#264,Linoone,Generation III,Normal, Unknown,78,70,61,50,61,100,420
#265,Wurmple,Generation III,Bug, Unknown,45,45,35,20,30,20,195
#266,Silcoon,Generation III,Bug, Unknown,50,35,55,25,25,15,205
#267,Beautifly,Generation III,Bug, Flying,60,70,50,90,50,65,385
#268,Cascoon,Generation III,Bug, Unknown,50,35,55,25,25,15,205
#269,Dustox,Generation III,Bug, Poison,60,50,70,50,90,65,385
#270,Lotad,Generation III,Water, Grass,40,30,30,40,50,30,220
#271,Lombre,Generation III,Water, Grass,60,50,50,60,70,50,340
#272,Ludicolo,Generation III,Water, Grass,80,70,70,90,100,70,480
#273,Seedot,Generation III,Grass, Unknown,40,40,50,30,30,30,220
#274,Nuzleaf,Generation III,Grass, Dark,70,70,40,60,40,60,340
#275,Shiftry,Generation III,Grass, Dark,90,100,60,90,60,80,480
#276,Taillow,Generation III,Normal, Flying,40,55,30,30,30,85,270
#277,Swellow,Generation III,Normal, Flying,60,85,60,50,50,125,430
#278,Wingull,Generation III,Water, Flying,40,30,30,55,30,85,270
#279,Pelipper,Generation III,Water, Flying,60,50,100,85,70,65,430
#280,Ralts,Generation III,Psychic, Fairy,28,25,25,45,35,40,198
#281,Kirlia,Generation III,Psychic, Fairy,38,35,35,65,55,50,278
#282,Gardevoir,Generation III,Psychic, Fairy,68,65,65,125,115,80,518
#283,Surskit,Generation III,Bug, Water,40,30,32,50,52,65,269
#284,Masquerain,Generation III,Bug, Flying,70,60,62,80,82,60,414
#285,Shroomish,Generation III,Grass, Unknown,60,40,60,40,60,35,295
#286,Breloom,Generation III,Grass, Fighting,60,130,80,60,60,70,460
#287,Slakoth,Generation III,Normal, Unknown,60,60,60,35,35,30,280
#288,Vigoroth,Generation III,Normal, Unknown,80,80,80,55,55,90,440
#289,Slaking,Generation III,Normal, Unknown,150,160,100,95,65,100,670
#290,Nincada,Generation III,Bug, Ground,31,45,90,30,30,40,266
#291,Ninjask,Generation III,Bug, Flying,61,90,45,50,50,160,456
#292,Shedinja,Generation III,Bug, Ghost,1,90,45,30,30,40,236
#293,Whismur,Generation III,Normal, Unknown,64,51,23,51,23,28,240
#294,Loudred,Generation III,Normal, Unknown,84,71,43,71,43,48,360
#295,Exploud,Generation III,Normal, Unknown,104,91,63,91,63,68,480
#296,Makuhita,Generation III,Fighting, Unknown,72,60,30,20,30,25,237
#297,Hariyama,Generation III,Fighting, Unknown,144,120,60,40,60,50,474
#298,Azurill,Generation III,Normal, Fairy,50,20,40,20,40,20,190
#299,Nosepass,Generation III,Rock, Unknown,30,45,135,45,90,30,375
#300,Skitty,Generation III,Normal, Unknown,50,45,45,35,35,50,260
#301,Delcatty,Generation III,Normal, Unknown,70,65,65,55,55,70,380
#302,Sableye,Generation III,Dark, Ghost,50,75,75,65,65,50,380
#303,Mawile,Generation III,Steel, Fairy,50,85,85,55,55,50,380
#304,Aron,Generation III,Steel, Rock,50,70,100,40,40,30,330
#305,Lairon,Generation III,Steel, Rock,60,90,140,50,50,40,430
#306,Aggron,Generation III,Steel, Rock,70,110,180,60,60,50,530
#307,Meditite,Generation III,Fighting, Psychic,30,40,55,40,55,60,280
#308,Medicham,Generation III,Fighting, Psychic,60,60,75,60,75,80,410
#309,Electrike,Generation III,Electric, Unknown,40,45,40,65,40,65,295
#310,Manectric,Generation III,Electric, Unknown,70,75,60,105,60,105,475
#311,Plusle,Generation III,Electric, Unknown,60,50,40,85,75,95,405
#312,Minun,Generation III,Electric, Unknown,60,40,50,75,85,95,405
#313,Volbeat,Generation III,Bug, Unknown,65,73,55,47,75,85,400
#314,Illumise,Generation III,Bug, Unknown,65,47,55,73,75,85,400
#315,Roselia,Generation III,Grass, Poison,50,60,45,100,80,65,400
#316,Gulpin,Generation III,Poison, Unknown,70,43,53,43,53,40,302
#317,Swalot,Generation III,Poison, Unknown,100,73,83,73,83,55,467
#318,Carvanha,Generation III,Water, Dark,45,90,20,65,20,65,305
#319,Sharpedo,Generation III,Water, Dark,70,120,40,95,40,95,460
#320,Wailmer,Generation III,Water, Unknown,130,70,35,70,35,60,400
#321,Wailord,Generation III,Water, Unknown,170,90,45,90,45,60,500
#322,Numel,Generation III,Fire, Ground,60,60,40,65,45,35,305
#323,Camerupt,Generation III,Fire, Ground,70,100,70,105,75,40,460
#324,Torkoal,Generation III,Fire, Unknown,70,85,140,85,70,20,470
#325,Spoink,Generation III,Psychic, Unknown,60,25,35,70,80,60,330
#326,Grumpig,Generation III,Psychic, Unknown,80,45,65,90,110,80,470
#327,Spinda,Generation III,Normal, Unknown,60,60,60,60,60,60,360
#328,Trapinch,Generation III,Ground, Unknown,45,100,45,45,45,10,290
#329,Vibrava,Generation III,Ground, Dragon,50,70,50,50,50,70,340
#330,Flygon,Generation III,Ground, Dragon,80,100,80,80,80,100,520
#331,Cacnea,Generation III,Grass, Unknown,50,85,40,85,40,35,335
#332,Cacturne,Generation III,Grass, Dark,70,115,60,115,60,55,475
#333,Swablu,Generation III,Normal, Flying,45,40,60,40,75,50,310
#334,Altaria,Generation III,Dragon, Flying,75,70,90,70,105,80,490
#335,Zangoose,Generation III,Normal, Unknown,73,115,60,60,60,90,458
#336,Seviper,Generation III,Poison, Unknown,73,100,60,100,60,65,458
#337,Lunatone,Generation III,Rock, Psychic,70,55,65,95,85,70,440
#338,Solrock,Generation III,Rock, Psychic,70,95,85,55,65,70,440
#339,Barboach,Generation III,Water, Ground,50,48,43,46,41,60,288
#340,Whiscash,Generation III,Water, Ground,110,78,73,76,71,60,468
#341,Corphish,Generation III,Water, Unknown,43,80,65,50,35,35,308
#342,Crawdaunt,Generation III,Water, Dark,63,120,85,90,55,55,468
#343,Baltoy,Generation III,Ground, Psychic,40,40,55,40,70,55,300
#344,Claydol,Generation III,Ground, Psychic,60,70,105,70,120,75,500
#345,Lileep,Generation III,Rock, Grass,66,41,77,61,87,23,355
#346,Cradily,Generation III,Rock, Grass,86,81,97,81,107,43,495
#347,Anorith,Generation III,Rock, Bug,45,95,50,40,50,75,355
#348,Armaldo,Generation III,Rock, Bug,75,125,100,70,80,45,495
#349,Feebas,Generation III,Water, Unknown,20,15,20,10,55,80,200
#350,Milotic,Generation III,Water, Unknown,95,60,79,100,125,81,540
#351,Castform,Generation III,Normal, Unknown,70,70,70,70,70,70,420
#352,Kecleon,Generation III,Normal, Unknown,60,90,70,60,120,40,440
#353,Shuppet,Generation III,Ghost, Unknown,44,75,35,63,33,45,295
#354,Banette,Generation III,Ghost, Unknown,64,115,65,83,63,65,455
#355,Duskull,Generation III,Ghost, Unknown,20,40,90,30,90,25,295
#356,Dusclops,Generation III,Ghost, Unknown,40,70,130,60,130,25,455
#357,Tropius,Generation III,Grass, Flying,99,68,83,72,87,51,460
#358,Chimecho,Generation III,Psychic, Unknown,65,50,70,95,80,65,425
#359,Absol,Generation III,Dark, Unknown,65,130,60,75,60,75,465
#360,Wynaut,Generation III,Psychic, Unknown,95,23,48,23,48,23,260
#361,Snorunt,Generation III,Ice, Unknown,50,50,50,50,50,50,300
#362,Glalie,Generation III,Ice, Unknown,80,80,80,80,80,80,480
#363,Spheal,Generation III,Ice, Water,70,40,50,55,50,25,290
#364,Sealeo,Generation III,Ice, Water,90,60,70,75,70,45,410
#365,Walrein,Generation III,Ice, Water,110,80,90,95,90,65,530
#366,Clamperl,Generation III,Water, Unknown,35,64,85,74,55,32,345
#367,Huntail,Generation III,Water, Unknown,55,104,105,94,75,52,485
#368,Gorebyss,Generation III,Water, Unknown,55,84,105,114,75,52,485
#369,Relicanth,Generation III,Water, Rock,100,90,130,45,65,55,485
#370,Luvdisc,Generation III,Water, Unknown,43,30,55,40,65,97,330
#371,Bagon,Generation III,Dragon, Unknown,45,75,60,40,30,50,300
#372,Shelgon,Generation III,Dragon, Unknown,65,95,100,60,50,50,420
#373,Salamence,Generation III,Dragon, Flying,95,135,80,110,80,100,600
#374,Beldum,Generation III,Steel, Psychic,40,55,80,35,60,30,300
#375,Metang,Generation III,Steel, Psychic,60,75,100,55,80,50,420
#376,Metagross,Generation III,Steel, Psychic,80,135,130,95,90,70,600
#377,Regirock,Generation III,Rock, Unknown,80,100,200,50,100,50,580
#378,Regice,Generation III,Ice, Unknown,80,50,100,100,200,50,580
#379,Registeel,Generation III,Steel, Unknown,80,75,150,75,150,50,580
#380,Latias,Generation III,Dragon, Psychic,80,80,90,110,130,110,600
#381,Latios,Generation III,Dragon, Psychic,80,90,80,130,110,110,600
#382,Kyogre,Generation III,Water, Unknown,100,100,90,150,140,90,670
#383,Groudon,Generation III,Ground, Unknown,100,150,140,100,90,90,670
#384,Rayquaza,Generation III,Dragon, Flying,105,150,90,150,90,95,680
#385,Jirachi,Generation III,Steel, Psychic,100,100,100,100,100,100,600
#386,Deoxys,Generation III,Psychic, Unknown,50,150,50,150,50,150,600
#387,Turtwig,Generation IV,Grass, Unknown,55,68,64,45,55,31,318
#388,Grotle,Generation IV,Grass, Unknown,75,89,85,55,65,36,405
#389,Torterra,Generation IV,Grass, Ground,95,109,105,75,85,56,525
#390,Chimchar,Generation IV,Fire, Unknown,44,58,44,58,44,61,309
#391,Monferno,Generation IV,Fire, Fighting,64,78,52,78,52,81,405
#392,Infernape,Generation IV,Fire, Fighting,76,104,71,104,71,108,534
#393,Piplup,Generation IV,Water, Unknown,53,51,53,61,56,40,314
#394,Prinplup,Generation IV,Water, Unknown,64,66,68,81,76,50,405
#395,Empoleon,Generation IV,Water, Steel,84,86,88,111,101,60,530
#396,Starly,Generation IV,Normal, Flying,40,55,30,30,30,60,245
#397,Staravia,Generation IV,Normal, Flying,55,75,50,40,40,80,340
#398,Staraptor,Generation IV,Normal, Flying,85,120,70,50,50,100,475
#399,Bidoof,Generation IV,Normal, Unknown,59,45,40,35,40,31,250
#400,Bibarel,Generation IV,Normal, Water,79,85,60,55,60,71,410
#401,Kricketot,Generation IV,Bug, Unknown,37,25,41,25,41,25,194
#402,Kricketune,Generation IV,Bug, Unknown,77,85,51,55,51,65,384
#403,Shinx,Generation IV,Electric, Unknown,45,65,34,40,34,45,263
#404,Luxio,Generation IV,Electric, Unknown,60,85,49,60,49,60,363
#405,Luxray,Generation IV,Electric, Unknown,80,120,79,95,79,70,523
#406,Budew,Generation IV,Grass, Poison,40,30,35,50,70,55,280
#407,Roserade,Generation IV,Grass, Poison,60,70,55,125,105,90,505
#408,Cranidos,Generation IV,Rock, Unknown,67,125,40,30,30,58,350
#409,Rampardos,Generation IV,Rock, Unknown,97,165,60,65,50,58,495
#410,Shieldon,Generation IV,Rock, Steel,30,42,118,42,88,30,350
#411,Bastiodon,Generation IV,Rock, Steel,60,52,168,47,138,30,495
#412,Burmy,Generation IV,Bug, Unknown,40,29,45,29,45,36,224
#413,Wormadam,Generation IV,Bug, Grass,60,59,85,79,105,36,424
#414,Mothim,Generation IV,Bug, Flying,70,94,50,94,50,66,424
#415,Combee,Generation IV,Bug, Flying,30,30,42,30,42,70,244
#416,Vespiquen,Generation IV,Bug, Flying,70,80,102,80,102,40,474
#417,Pachirisu,Generation IV,Electric, Unknown,60,45,70,45,90,95,405
#418,Buizel,Generation IV,Water, Unknown,55,65,35,60,30,85,330
#419,Floatzel,Generation IV,Water, Unknown,85,105,55,85,50,115,495
#420,Cherubi,Generation IV,Grass, Unknown,45,35,45,62,53,35,275
#421,Cherrim,Generation IV,Grass, Unknown,70,60,70,87,78,85,450
#422,Shellos,Generation IV,Water, Unknown,76,48,48,57,62,34,325
#423,Gastrodon,Generation IV,Water, Ground,111,83,68,92,82,39,475
#424,Ambipom,Generation IV,Normal, Unknown,75,100,66,60,66,115,482
#425,Drifloon,Generation IV,Ghost, Flying,90,50,34,60,44,70,348
#426,Drifblim,Generation IV,Ghost, Flying,150,80,44,90,54,80,498
#427,Buneary,Generation IV,Normal, Unknown,55,66,44,44,56,85,350
#428,Lopunny,Generation IV,Normal, Unknown,65,76,84,54,96,105,480
#429,Mismagius,Generation IV,Ghost, Unknown,60,60,60,105,105,105,495
#430,Honchkrow,Generation IV,Dark, Flying,100,125,52,105,52,71,505
#431,Glameow,Generation IV,Normal, Unknown,49,55,42,42,37,85,310
#432,Purugly,Generation IV,Normal, Unknown,71,82,64,64,59,112,452
#433,Chingling,Generation IV,Psychic, Unknown,45,30,50,65,50,45,285
#434,Stunky,Generation IV,Poison, Dark,63,63,47,41,41,74,329
#435,Skuntank,Generation IV,Poison, Dark,103,93,67,71,61,84,479
#436,Bronzor,Generation IV,Steel, Psychic,57,24,86,24,86,23,300
#437,Bronzong,Generation IV,Steel, Psychic,67,89,116,79,116,33,500
#438,Bonsly,Generation IV,Rock, Unknown,50,80,95,10,45,10,290
#439,Mime Jr.,Generation IV,Psychic, Fairy,20,25,45,70,90,60,310
#440,Happiny,Generation IV,Normal, Unknown,100,5,5,15,65,30,220
#441,Chatot,Generation IV,Normal, Flying,76,65,45,92,42,91,411
#442,Spiritomb,Generation IV,Ghost, Dark,50,92,108,92,108,35,485
#443,Gible,Generation IV,Dragon, Ground,58,70,45,40,45,42,300
#444,Gabite,Generation IV,Dragon, Ground,68,90,65,50,55,82,410
#445,Garchomp,Generation IV,Dragon, Ground,108,130,95,80,85,102,600
#446,Munchlax,Generation IV,Normal, Unknown,135,85,40,40,85,5,390
#447,Riolu,Generation IV,Fighting, Unknown,40,70,40,35,40,60,285
#448,Lucario,Generation IV,Fighting, Steel,70,110,70,115,70,90,525
#449,Hippopotas,Generation IV,Ground, Unknown,68,72,78,38,42,32,330
#450,Hippowdon,Generation IV,Ground, Unknown,108,112,118,68,72,47,525
#451,Skorupi,Generation IV,Poison, Bug,40,50,90,30,55,65,330
#452,Drapion,Generation IV,Poison, Dark,70,90,110,60,75,95,500
#453,Croagunk,Generation IV,Poison, Fighting,48,61,40,61,40,50,300
#454,Toxicroak,Generation IV,Poison, Fighting,83,106,65,86,65,85,490
#455,Carnivine,Generation IV,Grass, Unknown,74,100,72,90,72,46,454
#456,Finneon,Generation IV,Water, Unknown,49,49,56,49,61,66,330
#457,Lumineon,Generation IV,Water, Unknown,69,69,76,69,86,91,460
#458,Mantyke,Generation IV,Water, Flying,45,20,50,60,120,50,345
#459,Snover,Generation IV,Grass, Ice,60,62,50,62,60,40,334
#460,Abomasnow,Generation IV,Grass, Ice,90,92,75,92,85,60,494
#461,Weavile,Generation IV,Dark, Ice,70,120,65,45,85,125,510
#462,Magnezone,Generation IV,Electric, Steel,70,70,115,130,90,60,535
#463,Lickilicky,Generation IV,Normal, Unknown,110,85,95,80,95,50,515
#464,Rhyperior,Generation IV,Ground, Rock,115,140,130,55,55,40,535
#465,Tangrowth,Generation IV,Grass, Unknown,100,100,125,110,50,50,535
#466,Electivire,Generation IV,Electric, Unknown,75,123,67,95,85,95,540
#467,Magmortar,Generation IV,Fire, Unknown,75,95,67,125,95,83,540
#468,Togekiss,Generation IV,Fairy, Flying,85,50,95,120,115,80,545
#469,Yanmega,Generation IV,Bug, Flying,86,76,86,116,56,95,515
#470,Leafeon,Generation IV,Grass, Unknown,65,110,130,60,65,95,525
#471,Glaceon,Generation IV,Ice, Unknown,65,60,110,130,95,65,525
#472,Gliscor,Generation IV,Ground, Flying,75,95,125,45,75,95,510
#473,Mamoswine,Generation IV,Ice, Ground,110,130,80,70,60,80,530
#474,Porygon-Z,Generation IV,Normal, Unknown,85,80,70,135,75,90,535
#475,Gallade,Generation IV,Psychic, Fighting,68,125,65,65,115,80,518
#476,Probopass,Generation IV,Rock, Steel,60,55,145,75,150,40,525
#477,Dusknoir,Generation IV,Ghost, Unknown,45,100,135,65,135,45,525
#478,Froslass,Generation IV,Ice, Ghost,70,80,70,80,70,110,480
#479,Rotom,Generation IV,Electric, Ghost,50,50,77,95,77,91,440
#480,Uxie,Generation IV,Psychic, Unknown,75,75,130,75,130,95,580
#481,Mesprit,Generation IV,Psychic, Unknown,80,105,105,105,105,80,580
#482,Azelf,Generation IV,Psychic, Unknown,75,125,70,125,70,115,580
#483,Dialga,Generation IV,Steel, Dragon,100,120,120,150,100,90,680
#484,Palkia,Generation IV,Water, Dragon,90,120,100,150,120,100,680
#485,Heatran,Generation IV,Fire, Steel,91,90,106,130,106,77,600
#486,Regigigas,Generation IV,Normal, Unknown,110,160,110,80,110,100,670
#487,Giratina,Generation IV,Ghost, Dragon,150,100,120,100,120,90,680
#488,Cresselia,Generation IV,Psychic, Unknown,120,70,120,75,130,85,600
#489,Phione,Generation IV,Water, Unknown,80,80,80,80,80,80,480
#490,Manaphy,Generation IV,Water, Unknown,100,100,100,100,100,100,600
#491,Darkrai,Generation IV,Dark, Unknown,70,90,90,135,90,125,600
#492,Shaymin,Generation IV,Grass, Unknown,100,100,100,100,100,100,600
#493,Arceus,Generation IV,Normal, Unknown,120,120,120,120,120,120,720
#494,Victini,Generation V,Psychic, Fire,100,100,100,100,100,100,600
#495,Snivy,Generation V,Grass, Unknown,45,45,55,45,55,63,308
#496,Servine,Generation V,Grass, Unknown,60,60,75,60,75,83,413
#497,Serperior,Generation V,Grass, Unknown,75,75,95,75,95,113,528
#498,Tepig,Generation V,Fire, Unknown,65,63,45,45,45,45,308
#499,Pignite,Generation V,Fire, Fighting,90,93,55,70,55,55,418
#500,Emboar,Generation V,Fire, Fighting,110,123,65,100,65,65,528
#501,Oshawott,Generation V,Water, Unknown,55,55,45,63,45,45,308
#502,Dewott,Generation V,Water, Unknown,75,75,60,83,60,60,413
#503,Samurott,Generation V,Water, Unknown,95,100,85,108,70,70,528
#504,Patrat,Generation V,Normal, Unknown,45,55,39,35,39,42,255
#505,Watchog,Generation V,Normal, Unknown,60,85,69,60,69,77,420
#506,Lillipup,Generation V,Normal, Unknown,45,60,45,25,45,55,275
#507,Herdier,Generation V,Normal, Unknown,65,80,65,35,65,60,370
#508,Stoutland,Generation V,Normal, Unknown,85,100,90,45,90,80,490
#509,Purrloin,Generation V,Dark, Unknown,41,50,37,50,37,66,281
#510,Liepard,Generation V,Dark, Unknown,64,88,50,88,50,106,446
#511,Pansage,Generation V,Grass, Unknown,50,53,48,53,48,64,316
#512,Simisage,Generation V,Grass, Unknown,75,98,63,98,63,101,498
#513,Pansear,Generation V,Fire, Unknown,50,53,48,53,48,64,316
#514,Simisear,Generation V,Fire, Unknown,75,98,63,98,63,101,498
#515,Panpour,Generation V,Water, Unknown,50,53,48,53,48,64,316
#516,Simipour,Generation V,Water, Unknown,75,98,63,98,63,101,498
#517,Munna,Generation V,Psychic, Unknown,76,25,45,67,55,24,292
#518,Musharna,Generation V,Psychic, Unknown,116,55,85,107,95,29,487
#519,Pidove,Generation V,Normal, Flying,50,55,50,36,30,43,264
#520,Tranquill,Generation V,Normal, Flying,62,77,62,50,42,65,358
#521,Unfezant,Generation V,Normal, Flying,80,105,80,65,55,93,478
#522,Blitzle,Generation V,Electric, Unknown,45,60,32,50,32,76,295
#523,Zebstrika,Generation V,Electric, Unknown,75,100,63,80,63,116,497
#524,Roggenrola,Generation V,Rock, Unknown,55,75,85,25,25,15,280
#525,Boldore,Generation V,Rock, Unknown,70,105,105,50,40,20,390
#526,Gigalith,Generation V,Rock, Unknown,85,135,130,60,70,25,505
#527,Woobat,Generation V,Psychic, Flying,55,45,43,55,43,72,313
#528,Swoobat,Generation V,Psychic, Flying,67,57,55,77,55,114,425
#529,Drilbur,Generation V,Ground, Unknown,60,85,40,30,45,68,328
#530,Excadrill,Generation V,Ground, Steel,110,135,60,50,65,88,508
#531,Audino,Generation V,Normal, Unknown,103,60,86,60,86,50,445
#532,Timburr,Generation V,Fighting, Unknown,75,80,55,25,35,35,305
#533,Gurdurr,Generation V,Fighting, Unknown,85,105,85,40,50,40,405
#534,Conkeldurr,Generation V,Fighting, Unknown,105,140,95,55,65,45,505
#535,Tympole,Generation V,Water, Unknown,50,50,40,50,40,64,294
#536,Palpitoad,Generation V,Water, Ground,75,65,55,65,55,69,384
#537,Seismitoad,Generation V,Water, Ground,105,85,75,85,75,74,499
#538,Throh,Generation V,Fighting, Unknown,120,100,85,30,85,45,465
#539,Sawk,Generation V,Fighting, Unknown,75,125,75,30,75,85,465
#540,Sewaddle,Generation V,Bug, Grass,45,53,70,40,60,42,310
#541,Swadloon,Generation V,Bug, Grass,55,63,90,50,80,42,380
#542,Leavanny,Generation V,Bug, Grass,75,103,80,70,70,92,490
#543,Venipede,Generation V,Bug, Poison,30,45,59,30,39,57,260
#544,Whirlipede,Generation V,Bug, Poison,40,55,99,40,79,47,360
#545,Scolipede,Generation V,Bug, Poison,60,90,89,55,69,112,475
#546,Cottonee,Generation V,Grass, Fairy,40,27,60,37,50,66,280
#547,Whimsicott,Generation V,Grass, Fairy,60,67,85,77,75,116,480
#548,Petilil,Generation V,Grass, Unknown,45,35,50,70,50,30,280
#549,Lilligant,Generation V,Grass, Unknown,70,60,75,110,75,90,480
#550,Basculin,Generation V,Water, Unknown,70,92,65,80,55,98,460
#551,Sandile,Generation V,Ground, Dark,50,72,35,35,35,65,292
#552,Krokorok,Generation V,Ground, Dark,60,82,45,45,45,74,351
#553,Krookodile,Generation V,Ground, Dark,95,117,70,65,70,92,509
#554,Darumaka,Generation V,Fire, Unknown,70,90,45,15,45,50,315
#555,Darmanitan,Generation V,Fire, Unknown,105,140,55,30,55,95,480
#556,Maractus,Generation V,Grass, Unknown,75,86,67,106,67,60,461
#557,Dwebble,Generation V,Bug, Rock,50,65,85,35,35,55,325
#558,Crustle,Generation V,Bug, Rock,70,95,125,65,75,45,475
#559,Scraggy,Generation V,Dark, Fighting,50,75,70,35,70,48,348
#560,Scrafty,Generation V,Dark, Fighting,65,90,115,45,115,58,488
#561,Sigilyph,Generation V,Psychic, Flying,72,58,80,103,80,97,490
#562,Yamask,Generation V,Ghost, Unknown,38,30,85,55,65,30,303
#563,Cofagrigus,Generation V,Ghost, Unknown,58,50,145,95,105,30,483
#564,Tirtouga,Generation V,Water, Rock,54,78,103,53,45,22,355
#565,Carracosta,Generation V,Water, Rock,74,108,133,83,65,32,495
#566,Archen,Generation V,Rock, Flying,55,112,45,74,45,70,401
#567,Archeops,Generation V,Rock, Flying,75,140,65,112,65,110,567
#568,Trubbish,Generation V,Poison, Unknown,50,50,62,40,62,65,329
#569,Garbodor,Generation V,Poison, Unknown,80,95,82,60,82,75,474
#570,Zorua,Generation V,Dark, Unknown,40,65,40,80,40,65,330
#571,Zoroark,Generation V,Dark, Unknown,60,105,60,120,60,105,510
#572,Minccino,Generation V,Normal, Unknown,55,50,40,40,40,75,300
#573,Cinccino,Generation V,Normal, Unknown,75,95,60,65,60,115,470
#574,Gothita,Generation V,Psychic, Unknown,45,30,50,55,65,45,290
#575,Gothorita,Generation V,Psychic, Unknown,60,45,70,75,85,55,390
#576,Gothitelle,Generation V,Psychic, Unknown,70,55,95,95,110,65,490
#577,Solosis,Generation V,Psychic, Unknown,45,30,40,105,50,20,290
#578,Duosion,Generation V,Psychic, Unknown,65,40,50,125,60,30,370
#579,Reuniclus,Generation V,Psychic, Unknown,110,65,75,125,85,30,490
#580,Ducklett,Generation V,Water, Flying,62,44,50,44,50,55,305
#581,Swanna,Generation V,Water, Flying,75,87,63,87,63,98,473
#582,Vanillite,Generation V,Ice, Unknown,36,50,50,65,60,44,305
#583,Vanillish,Generation V,Ice, Unknown,51,65,65,80,75,59,395
#584,Vanilluxe,Generation V,Ice, Unknown,71,95,85,110,95,79,535
#585,Deerling,Generation V,Normal, Grass,60,60,50,40,50,75,335
#586,Sawsbuck,Generation V,Normal, Grass,80,100,70,60,70,95,475
#587,Emolga,Generation V,Electric, Flying,55,75,60,75,60,103,428
#588,Karrablast,Generation V,Bug, Unknown,50,75,45,40,45,60,315
#589,Escavalier,Generation V,Bug, Steel,70,135,105,60,105,20,495
#590,Foongus,Generation V,Grass, Poison,69,55,45,55,55,15,294
#591,Amoonguss,Generation V,Grass, Poison,114,85,70,85,80,30,464
#592,Frillish,Generation V,Water, Ghost,55,40,50,65,85,40,335
#593,Jellicent,Generation V,Water, Ghost,100,60,70,85,105,60,480
#594,Alomomola,Generation V,Water, Unknown,165,75,80,40,45,65,470
#595,Joltik,Generation V,Bug, Electric,50,47,50,57,50,65,319
#596,Galvantula,Generation V,Bug, Electric,70,77,60,97,60,108,472
#597,Ferroseed,Generation V,Grass, Steel,44,50,91,24,86,10,305
#598,Ferrothorn,Generation V,Grass, Steel,74,94,131,54,116,20,489
#599,Klink,Generation V,Steel, Unknown,40,55,70,45,60,30,300
#600,Klang,Generation V,Steel, Unknown,60,80,95,70,85,50,440
#601,Klinklang,Generation V,Steel, Unknown,60,100,115,70,85,90,520
#602,Tynamo,Generation V,Electric, Unknown,35,55,40,45,40,60,275
#603,Eelektrik,Generation V,Electric, Unknown,65,85,70,75,70,40,405
#604,Eelektross,Generation V,Electric, Unknown,85,115,80,105,80,50,515
#605,Elgyem,Generation V,Psychic, Unknown,55,55,55,85,55,30,335
#606,Beheeyem,Generation V,Psychic, Unknown,75,75,75,125,95,40,485
#607,Litwick,Generation V,Ghost, Fire,50,30,55,65,55,20,275
#608,Lampent,Generation V,Ghost, Fire,60,40,60,95,60,55,370
#609,Chandelure,Generation V,Ghost, Fire,60,55,90,145,90,80,520
#610,Axew,Generation V,Dragon, Unknown,46,87,60,30,40,57,320
#611,Fraxure,Generation V,Dragon, Unknown,66,117,70,40,50,67,410
#612,Haxorus,Generation V,Dragon, Unknown,76,147,90,60,70,97,540
#613,Cubchoo,Generation V,Ice, Unknown,55,70,40,60,40,40,305
#614,Beartic,Generation V,Ice, Unknown,95,110,80,70,80,50,485
#615,Cryogonal,Generation V,Ice, Unknown,70,50,30,95,135,105,485
#616,Shelmet,Generation V,Bug, Unknown,50,40,85,40,65,25,305
#617,Accelgor,Generation V,Bug, Unknown,80,70,40,100,60,145,495
#618,Stunfisk,Generation V,Ground, Electric,109,66,84,81,99,32,471
#619,Mienfoo,Generation V,Fighting, Unknown,45,85,50,55,50,65,350
#620,Mienshao,Generation V,Fighting, Unknown,65,125,60,95,60,105,510
#621,Druddigon,Generation V,Dragon, Unknown,77,120,90,60,90,48,485
#622,Golett,Generation V,Ground, Ghost,59,74,50,35,50,35,303
#623,Golurk,Generation V,Ground, Ghost,89,124,80,55,80,55,483
#624,Pawniard,Generation V,Dark, Steel,45,85,70,40,40,60,340
#625,Bisharp,Generation V,Dark, Steel,65,125,100,60,70,70,490
#626,Bouffalant,Generation V,Normal, Unknown,95,110,95,40,95,55,490
#627,Rufflet,Generation V,Normal, Flying,70,83,50,37,50,60,350
#628,Braviary,Generation V,Normal, Flying,100,123,75,57,75,80,510
#629,Vullaby,Generation V,Dark, Flying,70,55,75,45,65,60,370
#630,Mandibuzz,Generation V,Dark, Flying,110,65,105,55,95,80,510
#631,Heatmor,Generation V,Fire, Unknown,85,97,66,105,66,65,484
#632,Durant,Generation V,Bug, Steel,58,109,112,48,48,109,484
#633,Deino,Generation V,Dark, Dragon,52,65,50,45,50,38,300
#634,Zweilous,Generation V,Dark, Dragon,72,85,70,65,70,58,420
#635,Hydreigon,Generation V,Dark, Dragon,92,105,90,125,90,98,600
#636,Larvesta,Generation V,Bug, Fire,55,85,55,50,55,60,360
#637,Volcarona,Generation V,Bug, Fire,85,60,65,135,105,100,550
#638,Cobalion,Generation V,Steel, Fighting,91,90,129,90,72,108,580
#639,Terrakion,Generation V,Rock, Fighting,91,129,90,72,90,108,580
#640,Virizion,Generation V,Grass, Fighting,91,90,72,90,129,108,580
#641,Tornadus,Generation V,Flying, Unknown,79,115,70,125,80,111,580
#642,Thundurus,Generation V,Electric, Flying,79,115,70,125,80,111,580
#643,Reshiram,Generation V,Dragon, Fire,100,120,100,150,120,90,680
#644,Zekrom,Generation V,Dragon, Electric,100,150,120,120,100,90,680
#645,Landorus,Generation V,Ground, Flying,89,125,90,115,80,101,600
#646,Kyurem,Generation V,Dragon, Ice,125,130,90,130,90,95,660
#647,Keldeo,Generation V,Water, Fighting,91,72,90,129,90,108,580
#648,Meloetta,Generation V,Normal, Psychic,100,77,77,128,128,90,600
#649,Genesect,Generation V,Bug, Steel,71,120,95,120,95,99,600
#650,Chespin,Generation VI,Grass, Unknown,56,61,65,48,45,38,313
#651,Quilladin,Generation VI,Grass, Unknown,61,78,95,56,58,57,405
#652,Chesnaught,Generation VI,Grass, Fighting,88,107,122,74,75,64,530
#653,Fennekin,Generation VI,Fire, Unknown,40,45,40,62,60,60,307
#654,Braixen,Generation VI,Fire, Unknown,59,59,58,90,70,73,409
#655,Delphox,Generation VI,Fire, Psychic,75,69,72,114,100,104,534
#656,Froakie,Generation VI,Water, Unknown,41,56,40,62,44,71,314
#657,Frogadier,Generation VI,Water, Unknown,54,63,52,83,56,97,405
#658,Greninja,Generation VI,Water, Dark,72,95,67,103,71,122,530
#659,Bunnelby,Generation VI,Normal, Unknown,38,36,38,32,36,57,237
#660,Diggersby,Generation VI,Normal, Ground,85,56,77,50,77,78,423
#661,Fletchling,Generation VI,Normal, Flying,45,50,43,40,38,62,278
#662,Fletchinder,Generation VI,Fire, Flying,62,73,55,56,52,84,382
#663,Talonflame,Generation VI,Fire, Flying,78,81,71,74,69,126,499
#664,Scatterbug,Generation VI,Bug, Unknown,38,35,40,27,25,35,200
#665,Spewpa,Generation VI,Bug, Unknown,45,22,60,27,30,29,213
#666,Vivillon,Generation VI,Bug, Flying,80,52,50,90,50,89,411
#667,Litleo,Generation VI,Fire, Normal,62,50,58,73,54,72,369
#668,Pyroar,Generation VI,Fire, Normal,86,68,72,109,66,106,507
#669,Flabébé,Generation VI,Fairy, Unknown,44,38,39,61,79,42,303
#670,Floette,Generation VI,Fairy, Unknown,54,45,47,75,98,52,371
#671,Florges,Generation VI,Fairy, Unknown,78,65,68,112,154,75,552
#672,Skiddo,Generation VI,Grass, Unknown,66,65,48,62,57,52,350
#673,Gogoat,Generation VI,Grass, Unknown,123,100,62,97,81,68,531
#674,Pancham,Generation VI,Fighting, Unknown,67,82,62,46,48,43,348
#675,Pangoro,Generation VI,Fighting, Dark,95,124,78,69,71,58,495
#676,Furfrou,Generation VI,Normal, Unknown,75,80,60,65,90,102,472
#677,Espurr,Generation VI,Psychic, Unknown,62,48,54,63,60,68,355
#678,Meowstic,Generation VI,Psychic, Unknown,74,48,76,83,81,104,466
#679,Honedge,Generation VI,Steel, Ghost,45,80,100,35,37,28,325
#680,Doublade,Generation VI,Steel, Ghost,59,110,150,45,49,35,448
#681,Aegislash,Generation VI,Steel, Ghost,60,50,150,50,150,60,520
#682,Spritzee,Generation VI,Fairy, Unknown,78,52,60,63,65,23,341
#683,Aromatisse,Generation VI,Fairy, Unknown,101,72,72,99,89,29,462
#684,Swirlix,Generation VI,Fairy, Unknown,62,48,66,59,57,49,341
#685,Slurpuff,Generation VI,Fairy, Unknown,82,80,86,85,75,72,480
#686,Inkay,Generation VI,Dark, Psychic,53,54,53,37,46,45,288
#687,Malamar,Generation VI,Dark, Psychic,86,92,88,68,75,73,482
#688,Binacle,Generation VI,Rock, Water,42,52,67,39,56,50,306
#689,Barbaracle,Generation VI,Rock, Water,72,105,115,54,86,68,500
#690,Skrelp,Generation VI,Poison, Water,50,60,60,60,60,30,320
#691,Dragalge,Generation VI,Poison, Dragon,65,75,90,97,123,44,494
#692,Clauncher,Generation VI,Water, Unknown,50,53,62,58,63,44,330
#693,Clawitzer,Generation VI,Water, Unknown,71,73,88,120,89,59,500
#694,Helioptile,Generation VI,Electric, Normal,44,38,33,61,43,70,289
#695,Heliolisk,Generation VI,Electric, Normal,62,55,52,109,94,109,481
#696,Tyrunt,Generation VI,Rock, Dragon,58,89,77,45,45,48,362
#697,Tyrantrum,Generation VI,Rock, Dragon,82,121,119,69,59,71,521
#698,Amaura,Generation VI,Rock, Ice,77,59,50,67,63,46,362
#699,Aurorus,Generation VI,Rock, Ice,123,77,72,99,92,58,521
#700,Sylveon,Generation VI,Fairy, Unknown,95,65,65,110,130,60,525
#701,Hawlucha,Generation VI,Fighting, Flying,78,92,75,74,63,118,500
#702,Dedenne,Generation VI,Electric, Fairy,67,58,57,81,67,101,431
#703,Carbink,Generation VI,Rock, Fairy,50,50,150,50,150,50,500
#704,Goomy,Generation VI,Dragon, Unknown,45,50,35,55,75,40,300
#705,Sliggoo,Generation VI,Dragon, Unknown,68,75,53,83,113,60,452
#706,Goodra,Generation VI,Dragon, Unknown,90,100,70,110,150,80,600
#707,Klefki,Generation VI,Steel, Fairy,57,80,91,80,87,75,470
#708,Phantump,Generation VI,Ghost, Grass,43,70,48,50,60,38,309
#709,Trevenant,Generation VI,Ghost, Grass,85,110,76,65,82,56,474
#710,Pumpkaboo,Generation VI,Ghost, Grass,44,66,70,44,55,56,335
#711,Gourgeist,Generation VI,Ghost, Grass,55,85,122,58,75,99,494
#712,Bergmite,Generation VI,Ice, Unknown,55,69,85,32,35,28,304
#713,Avalugg,Generation VI,Ice, Unknown,95,117,184,44,46,28,514
#714,Noibat,Generation VI,Flying, Dragon,40,30,35,45,40,55,245
#715,Noivern,Generation VI,Flying, Dragon,85,70,80,97,80,123,535
#716,Xerneas,Generation VI,Fairy, Unknown,126,131,95,131,98,99,680
#717,Yveltal,Generation VI,Dark, Flying,126,131,95,131,98,99,680
#718,Zygarde,Generation VI,Dragon, Ground,108,100,121,81,95,95,600
#719,Diancie,Generation VI,Rock, Fairy,50,100,150,100,150,50,600
#720,Hoopa,Generation VI,Psychic, Ghost,80,110,60,150,130,70,600
#721,Volcanion,Generation VI,Fire, Water,80,110,120,130,90,70,600
#722,Rowlet,Generation VII,Grass, Flying,68,55,55,50,50,42,320
#723,Dartrix,Generation VII,Grass, Flying,78,75,75,70,70,52,420
#724,Decidueye,Generation VII,Grass, Ghost,78,107,75,100,100,70,530
#725,Litten,Generation VII,Fire, Unknown,45,65,40,60,40,70,320
#726,Torracat,Generation VII,Fire, Unknown,65,85,50,80,50,90,420
#727,Incineroar,Generation VII,Fire, Dark,95,115,90,80,90,60,530
#728,Popplio,Generation VII,Water, Unknown,50,54,54,66,56,40,320
#729,Brionne,Generation VII,Water, Unknown,60,69,69,91,81,50,420
#730,Primarina,Generation VII,Water, Fairy,80,74,74,126,116,60,530
#731,Pikipek,Generation VII,Normal, Flying,35,75,30,30,30,65,265
#732,Trumbeak,Generation VII,Normal, Flying,55,85,50,40,50,75,355
#733,Toucannon,Generation VII,Normal, Flying,80,120,75,75,75,60,485
#734,Yungoos,Generation VII,Normal, Unknown,48,70,30,30,30,45,253
#735,Gumshoos,Generation VII,Normal, Unknown,88,110,60,55,60,45,418
#736,Grubbin,Generation VII,Bug, Unknown,47,62,45,55,45,46,300
#737,Charjabug,Generation VII,Bug, Electric,57,82,95,55,75,36,400
#738,Vikavolt,Generation VII,Bug, Electric,77,70,90,145,75,43,500
#739,Crabrawler,Generation VII,Fighting, Unknown,47,82,57,42,47,63,338
#740,Crabominable,Generation VII,Fighting, Ice,97,132,77,62,67,43,478
#741,Oricorio,Generation VII,Fire, Flying,75,70,70,98,70,93,476
#742,Cutiefly,Generation VII,Bug, Fairy,40,45,40,55,40,84,304
#743,Ribombee,Generation VII,Bug, Fairy,60,55,60,95,70,124,464
#744,Rockruff,Generation VII,Rock, Unknown,45,65,40,30,40,60,280
#745,Lycanroc,Generation VII,Rock, Unknown,75,115,65,55,65,112,487
#746,Wishiwashi,Generation VII,Water, Unknown,45,20,20,25,25,40,175
#747,Mareanie,Generation VII,Poison, Water,50,53,62,43,52,45,305
#748,Toxapex,Generation VII,Poison, Water,50,63,152,53,142,35,495
#749,Mudbray,Generation VII,Ground, Unknown,70,100,70,45,55,45,385
#750,Mudsdale,Generation VII,Ground, Unknown,100,125,100,55,85,35,500
#751,Dewpider,Generation VII,Water, Bug,38,40,52,40,72,27,269
#752,Araquanid,Generation VII,Water, Bug,68,70,92,50,132,42,454
#753,Fomantis,Generation VII,Grass, Unknown,40,55,35,50,35,35,250
#754,Lurantis,Generation VII,Grass, Unknown,70,105,90,80,90,45,480
#755,Morelull,Generation VII,Grass, Fairy,40,35,55,65,75,15,285
#756,Shiinotic,Generation VII,Grass, Fairy,60,45,80,90,100,30,405
#757,Salandit,Generation VII,Poison, Fire,48,44,40,71,40,77,320
#758,Salazzle,Generation VII,Poison, Fire,68,64,60,111,60,117,480
#759,Stufful,Generation VII,Normal, Fighting,70,75,50,45,50,50,340
#760,Bewear,Generation VII,Normal, Fighting,120,125,80,55,60,60,500
#761,Bounsweet,Generation VII,Grass, Unknown,42,30,38,30,38,32,210
#762,Steenee,Generation VII,Grass, Unknown,52,40,48,40,48,62,290
#763,Tsareena,Generation VII,Grass, Unknown,72,120,98,50,98,72,510
#764,Comfey,Generation VII,Fairy, Unknown,51,52,90,82,110,100,485
#765,Oranguru,Generation VII,Normal, Psychic,90,60,80,90,110,60,490
#766,Passimian,Generation VII,Fighting, Unknown,100,120,90,40,60,80,490
#767,Wimpod,Generation VII,Bug, Water,25,35,40,20,30,80,230
#768,Golisopod,Generation VII,Bug, Water,75,125,140,60,90,40,530
#769,Sandygast,Generation VII,Ghost, Ground,55,55,80,70,45,15,320
#770,Palossand,Generation VII,Ghost, Ground,85,75,110,100,75,35,480
#771,Pyukumuku,Generation VII,Water, Unknown,55,60,130,30,130,5,410
#772,Type: Null,Generation VII,Normal, Unknown,95,95,95,95,95,59,534
#773,Silvally,Generation VII,Normal, Unknown,95,95,95,95,95,95,570
#774,Minior,Generation VII,Rock, Flying,60,60,100,60,100,60,440
#775,Komala,Generation VII,Normal, Unknown,65,115,65,75,95,65,480
#776,Turtonator,Generation VII,Fire, Dragon,60,78,135,91,85,36,485
#777,Togedemaru,Generation VII,Electric, Steel,65,98,63,40,73,96,435
#778,Mimikyu,Generation VII,Ghost, Fairy,55,90,80,50,105,96,476
#779,Bruxish,Generation VII,Water, Psychic,68,105,70,70,70,92,475
#780,Drampa,Generation VII,Normal, Dragon,78,60,85,135,91,36,485
#781,Dhelmise,Generation VII,Ghost, Grass,70,131,100,86,90,40,517
#782,Jangmo-o,Generation VII,Dragon, Unknown,45,55,65,45,45,45,300
#783,Hakamo-o,Generation VII,Dragon, Fighting,55,75,90,65,70,65,420
#784,Kommo-o,Generation VII,Dragon, Fighting,75,110,125,100,105,85,600
#785,Tapu Koko,Generation VII,Electric, Fairy,70,115,85,95,75,130,570
#786,Tapu Lele,Generation VII,Psychic, Fairy,70,85,75,130,115,95,570
#787,Tapu Bulu,Generation VII,Grass, Fairy,70,130,115,85,95,75,570
#788,Tapu Fini,Generation VII,Water, Fairy,70,75,115,95,130,85,570
#789,Cosmog,Generation VII,Psychic, Unknown,43,29,31,29,31,37,200
#790,Cosmoem,Generation VII,Psychic, Unknown,43,29,131,29,131,37,400
#791,Solgaleo,Generation VII,Psychic, Steel,137,137,107,113,89,97,680
#792,Lunala,Generation VII,Psychic, Ghost,137,113,89,137,107,97,680
#793,Nihilego,Generation VII,Rock, Poison,109,53,47,127,131,103,570
#794,Buzzwole,Generation VII,Bug, Fighting,107,139,139,53,53,79,570
#795,Pheromosa,Generation VII,Bug, Fighting,71,137,37,137,37,151,570
#796,Xurkitree,Generation VII,Electric, Unknown,83,89,71,173,71,83,570
#797,Celesteela,Generation VII,Steel, Flying,97,101,103,107,101,61,570
#798,Kartana,Generation VII,Grass, Steel,59,181,131,59,31,109,570
#799,Guzzlord,Generation VII,Dark, Dragon,223,101,53,97,53,43,570
#800,Necrozma,Generation VII,Psychic, Unknown,97,107,101,127,89,79,600
#801,Magearna,Generation VII,Steel, Fairy,80,95,115,130,115,65,600
#802,Marshadow,Generation VII,Fighting, Ghost,90,125,80,90,90,125,600
#803,Poipole,Generation VII,Poison, Unknown,67,73,67,73,67,73,420
#804,Naganadel,Generation VII,Poison, Dragon,73,73,73,127,73,121,540
#805,Stakataka,Generation VII,Rock, Steel,61,131,211,53,101,13,570
#806,Blacephalon,Generation VII,Fire, Ghost,53,127,53,151,79,107,570
#807,Zeraora,Generation VII,Electric, Unknown,88,112,75,102,80,143,600
#808,Meltan,Generation VII,Steel, Unknown,46,65,65,55,35,34,300
#809,Melmetal,Generation VII,Steel, Unknown,135,143,143,80,65,34,600
#810,Grookey,Generation VIII,Grass, Unknown,50,65,50,40,40,65,310
#811,Thwackey,Generation VIII,Grass, Unknown,70,85,70,55,60,80,420
#812,Rillaboom,Generation VIII,Grass, Unknown,100,125,90,60,70,85,530
#813,Scorbunny,Generation VIII,Fire, Unknown,50,71,40,40,40,69,310
#814,Raboot,Generation VIII,Fire, Unknown,65,86,60,55,60,94,420
#815,Cinderace,Generation VIII,Fire, Unknown,80,116,75,65,75,119,530
#816,Sobble,Generation VIII,Water, Unknown,50,40,40,70,40,70,310
#817,Drizzile,Generation VIII,Water, Unknown,65,60,55,95,55,90,420
#818,Inteleon,Generation VIII,Water, Unknown,70,85,65,125,65,120,530
#819,Skwovet,Generation VIII,Normal, Unknown,70,55,55,35,35,25,275
#820,Greedent,Generation VIII,Normal, Unknown,120,95,95,55,75,20,460
#821,Rookidee,Generation VIII,Flying, Unknown,38,47,35,33,35,57,245
#822,Corvisquire,Generation VIII,Flying, Unknown,68,67,55,43,55,77,365
#823,Corviknight,Generation VIII,Flying, Steel,98,87,105,53,85,67,495
#824,Blipbug,Generation VIII,Bug, Unknown,25,20,20,25,45,45,180
#825,Dottler,Generation VIII,Bug, Psychic,50,35,80,50,90,30,335
#826,Orbeetle,Generation VIII,Bug, Psychic,60,45,110,80,120,90,505
#827,Nickit,Generation VIII,Dark, Unknown,40,28,28,47,52,50,245
#828,Thievul,Generation VIII,Dark, Unknown,70,58,58,87,92,90,455
#829,Gossifleur,Generation VIII,Grass, Unknown,40,40,60,40,60,10,250
#830,Eldegoss,Generation VIII,Grass, Unknown,60,50,90,80,120,60,460
#831,Wooloo,Generation VIII,Normal, Unknown,42,40,55,40,45,48,270
#832,Dubwool,Generation VIII,Normal, Unknown,72,80,100,60,90,88,490
#833,Chewtle,Generation VIII,Water, Unknown,50,64,50,38,38,44,284
#834,Drednaw,Generation VIII,Water, Rock,90,115,90,48,68,74,485
#835,Yamper,Generation VIII,Electric, Unknown,59,45,50,40,50,26,270
#836,Boltund,Generation VIII,Electric, Unknown,69,90,60,90,60,121,490
#837,Rolycoly,Generation VIII,Rock, Unknown,30,40,50,40,50,30,240
#838,Carkol,Generation VIII,Rock, Fire,80,60,90,60,70,50,410
#839,Coalossal,Generation VIII,Rock, Fire,110,80,120,80,90,30,510
#840,Applin,Generation VIII,Grass, Dragon,40,40,80,40,40,20,260
#841,Flapple,Generation VIII,Grass, Dragon,70,110,80,95,60,70,485
#842,Appletun,Generation VIII,Grass, Dragon,110,85,80,100,80,30,485
#843,Silicobra,Generation VIII,Ground, Unknown,52,57,75,35,50,46,315
#844,Sandaconda,Generation VIII,Ground, Unknown,72,107,125,65,70,71,510
#845,Cramorant,Generation VIII,Flying, Water,70,85,55,85,95,85,475
#846,Arrokuda,Generation VIII,Water, Unknown,41,63,40,40,30,66,280
#847,Barraskewda,Generation VIII,Water, Unknown,61,123,60,60,50,136,490
#848,Toxel,Generation VIII,Electric, Poison,40,38,35,54,35,40,242
#849,Toxtricity,Generation VIII,Electric, Poison,75,98,70,114,70,75,502
#850,Sizzlipede,Generation VIII,Fire, Bug,50,65,45,50,50,45,305
#851,Centiskorch,Generation VIII,Fire, Bug,100,115,65,90,90,65,525
#852,Clobbopus,Generation VIII,Fighting, Unknown,50,68,60,50,50,32,310
#853,Grapploct,Generation VIII,Fighting, Unknown,80,118,90,70,80,42,480
#854,Sinistea,Generation VIII,Ghost, Unknown,40,45,45,74,54,50,308
#855,Polteageist,Generation VIII,Ghost, Unknown,60,65,65,134,114,70,508
#856,Hatenna,Generation VIII,Psychic, Unknown,42,30,45,56,53,39,265
#857,Hattrem,Generation VIII,Psychic, Unknown,57,40,65,86,73,49,370
#858,Hatterene,Generation VIII,Psychic, Fairy,57,90,95,136,103,29,510
#859,Impidimp,Generation VIII,Dark, Fairy,45,45,30,55,40,50,265
#860,Morgrem,Generation VIII,Dark, Fairy,65,60,45,75,55,70,370
#861,Grimmsnarl,Generation VIII,Dark, Fairy,95,120,65,95,75,60,510
#862,Obstagoon,Generation VIII,Dark, Normal,93,90,101,60,81,95,520
#863,Perrserker,Generation VIII,Steel, Unknown,70,110,100,50,60,50,440
#864,Cursola,Generation VIII,Ghost, Unknown,60,95,50,145,130,30,510
#865,Sirfetch'd,Generation VIII,Fighting, Unknown,62,135,95,68,82,65,507
#866,Mr. Rime,Generation VIII,Ice, Psychic,80,85,75,110,100,70,520
#867,Runerigus,Generation VIII,Ground, Ghost,58,95,145,50,105,30,483
#868,Milcery,Generation VIII,Fairy, Unknown,45,40,40,50,61,34,270
#869,Alcremie,Generation VIII,Fairy, Unknown,65,60,75,110,121,64,495
#870,Falinks,Generation VIII,Fighting, Unknown,65,100,100,70,60,75,470
#871,Pincurchin,Generation VIII,Electric, Unknown,48,101,95,91,85,15,435
#872,Snom,Generation VIII,Ice, Bug,30,25,35,45,30,20,185
#873,Frosmoth,Generation VIII,Ice, Bug,70,65,60,125,90,65,475
#874,Stonjourner,Generation VIII,Rock, Unknown,100,125,135,20,20,70,470
#875,Eiscue,Generation VIII,Ice, Unknown,75,80,110,65,90,50,470
#876,Indeedee,Generation VIII,Psychic, Normal,60,65,55,105,95,95,475
#877,Morpeko,Generation VIII,Electric, Dark,58,95,58,70,58,97,436
#878,Cufant,Generation VIII,Steel, Unknown,72,80,49,40,49,40,330
#879,Copperajah,Generation VIII,Steel, Unknown,122,130,69,80,69,30,500
#880,Dracozolt,Generation VIII,Electric, Dragon,90,100,90,80,70,75,505
#881,Arctozolt,Generation VIII,Electric, Ice,90,100,90,90,80,55,505
#882,Dracovish,Generation VIII,Water, Dragon,90,90,100,70,80,75,505
#883,Arctovish,Generation VIII,Water, Ice,90,90,100,80,90,55,505
#884,Duraludon,Generation VIII,Steel, Dragon,70,95,115,120,50,85,535
#885,Dreepy,Generation VIII,Dragon, Ghost,28,60,30,40,30,82,270
#886,Drakloak,Generation VIII,Dragon, Ghost,68,80,50,60,50,102,410
#887,Dragapult,Generation VIII,Dragon, Ghost,88,120,75,100,75,142,600
#888,Zacian,Generation VIII,Fairy, Unknown,92,130,115,80,115,138,670
#889,Zamazenta,Generation VIII,Fighting, Unknown,92,130,115,80,115,138,670
